autor;tytul;link
Henryk Sienkiewicz;Potop;https://wolnelektury.pl/media/book/epub/potop.epub
Henryk Sienkiewicz;W pustyni i w puszczy;https://wolnelektury.pl/media/book/epub/w-pustyni-i-w-puszczy.epub
Henryk Sienkiewicz;Quo vadis;https://wolnelektury.pl/media/book/epub/quo-vadis.epub
Henryk Sienkiewicz;Janko Muzykant;https://wolnelektury.pl/media/book/epub/janko-muzykant.epub
Bolesław Prus;Faraon;https://wolnelektury.pl/media/book/epub/faraon.epub
Bolesław Prus;Lalka;https://wolnelektury.pl/media/book/epub/lalka.epub
Bolesław Prus;Antek;https://wolnelektury.pl/media/book/epub/antek.epub
Stefan Żeromski;Przedwiośnie;https://wolnelektury.pl/media/book/epub/przedwiosnie.epub
Stefan Żeromski;Siłaczka;https://wolnelektury.pl/media/book/epub/silaczka.epub
Stefan Żeromski;Syzyfowe prace;https://wolnelektury.pl/media/book/epub/syzyfowe-prace.epub
Stefan Żeromski;Ludzie bezdomni;https://wolnelektury.pl/media/book/epub/ludzie-bezdomni.epub
Aleksander Dumas;Hrabia Monte Christo;https://wolnelektury.pl/media/book/epub/hrabia-monte-christo.epub
Aleksander Dumas;Trzej muszkieterowie;https://wolnelektury.pl/media/book/epub/aleksander-dumas-trzej-muszkieterowie.epub
Rudyard Kipling;Księga dżungli;https://wolnelektury.pl/media/book/epub/ksiega-dzungli.epub
Daniel Defoe;Robinson Crusoe;https://wolnelektury.pl/media/book/epub/robinson-crusoe.epub
Mark Twain;Przygody Tomka Sawyera;https://wolnelektury.pl/media/book/epub/przygody-tomka-sawyera.epub
Miguel de Cervantes Saavedra;Don Kichot z La Manchy;https://wolnelektury.pl/media/book/epub/don-kichot-z-la-manchy.epub
Robert Louis Stevenson;Wyspa skarbów;https://wolnelektury.pl/media/book/epub/wyspa-skarbow.epub
Marcel Proust;W stronę Swanna;https://wolnelektury.pl/media/book/epub/w-strone-swanna.epub
Joseph Conrad;Lord Jim;https://wolnelektury.pl/media/book/epub/lord-jim.epub
Władysław Stanisław Reymont;Ziemia obiecana;https://wolnelektury.pl/media/book/epub/ziemia-obiecana.epub
Władysław Stanisław Reymont;Chłopi;https://wolnelektury.pl/media/book/epub/chlopi.epub
Jules Gabriel Verne;W osiemdziesiąt dni dookoła świata;https://wolnelektury.pl/media/book/epub/w-80-dni-dookola-swiata.epub
Herbert George Wells;Wehikuł czasu;https://wolnelektury.pl/media/book/epub/wells-wehikul-czasu.epub
